{
  "version": 1,
  "disable_existing_loggers": false,
  "formatters": {
    "file": {
      "format": "%(name)s: %(asctime)s - %(levelname)s - %(message)s"
    },
    "console": {
      "format": "%(name)s: %(asctime)s - %(levelname)s - %(message)s"
    }
  },
  "handlers": {
    "console": {
      "class": "logging.StreamHandler",
      "level": "INFO",
      "formatter": "console",
      "stream": "ext://sys.stdout"
    },
    "info_file_handler": {
      "class": "lib.config.RotateHandler",
      "formatter": "file",
      "level": "INFO",
      "filename": "info.log",
      "maxBytes": 10485760,
      "backupCount": 20,
      "encoding": "utf8"
    },
    "error_file_handler": {
      "class": "lib.config.RotateHandler",
      "level": "ERROR",
      "formatter": "file",
      "filename": "errors.log",
      "maxBytes": 10485760,
      "backupCount": 20,
      "encoding": "utf8"
    }
  },
  "root": {
    "level": "INFO",
    "handlers": [
      "console",
      "info_file_handler",
      "error_file_handler"
    ]
  },
  "loggers": {
    "suds": {
      "level": "INFO",
      "handlers": [
        "console",
        "info_file_handler",
        "error_file_handler"
      ]
    }
  }
}

